secao,metrica,dimensao,categoria,subcategoria,valor,unidade
Estatísticas descritivas,count,coluna,preco_unitario,,1000,vendas
Estatísticas descritivas,mean,coluna,preco_unitario,,55.67,R$
Estatísticas descritivas,std,coluna,preco_unitario,,26.49,R$
Estatísticas descritivas,min,coluna,preco_unitario,,10.08,R$
Estatísticas descritivas,25%,coluna,preco_unitario,,32.88,R$
Estatísticas descritivas,50%,coluna,preco_unitario,,55.23,R$
Estatísticas descritivas,75%,coluna,preco_unitario,,77.94,R$
Estatísticas descritivas,max,coluna,preco_unitario,,99.96,R$
Estatísticas descritivas,count,coluna,quantidade,,1000,vendas
Estatísticas descritivas,mean,coluna,quantidade,,5.51,itens
Estatísticas descritivas,std,coluna,quantidade,,2.92,itens
Estatísticas descritivas,min,coluna,quantidade,,1,itens
Estatísticas descritivas,25%,coluna,quantidade,,3,itens
Estatísticas descritivas,50%,coluna,quantidade,,5,itens
Estatísticas descritivas,75%,coluna,quantidade,,8,itens
Estatísticas descritivas,max,coluna,quantidade,,10,itens
Estatísticas descritivas,count,coluna,valor_total,,1000,vendas
Estatísticas descritivas,mean,coluna,valor_total,,322.97,R$
Estatísticas descritivas,std,coluna,valor_total,,245.89,R$
Estatísticas descritivas,min,coluna,valor_total,,10.68,R$
Estatísticas descritivas,25%,coluna,valor_total,,124.42,R$
Estatísticas descritivas,50%,coluna,valor_total,,253.85,R$
Estatísticas descritivas,75%,coluna,valor_total,,471.35,R$
Estatísticas descritivas,max,coluna,valor_total,,1042.65,R$
Estatísticas descritivas,count,coluna,avaliacao,,1000,vendas
Estatísticas descritivas,mean,coluna,avaliacao,,6.97,nota
Estatísticas descritivas,std,coluna,avaliacao,,1.72,nota
Estatísticas descritivas,min,coluna,avaliacao,,4,nota
Estatísticas descritivas,25%,coluna,avaliacao,,5.5,nota
Estatísticas descritivas,50%,coluna,avaliacao,,7,nota
Estatísticas descritivas,75%,coluna,avaliacao,,8.5,nota
Estatísticas descritivas,max,coluna,avaliacao,,10,nota
Estatísticas descritivas,count,nome_mes,Janeiro,valor_total,352,vendas
Estatísticas descritivas,mean,nome_mes,Janeiro,valor_total,330.37,R$
Estatísticas descritivas,std,nome_mes,Janeiro,valor_total,247.38,R$
Estatísticas descritivas,min,nome_mes,Janeiro,valor_total,12.69,R$
Estatísticas descritivas,25%,nome_mes,Janeiro,valor_total,125.91,R$
Estatísticas descritivas,50%,nome_mes,Janeiro,valor_total,270.14,R$
Estatísticas descritivas,75%,nome_mes,Janeiro,valor_total,491.76,R$
Estatísticas descritivas,max,nome_mes,Janeiro,valor_total,1034.46,R$
Estatísticas descritivas,count,nome_mes,Fevereiro,valor_total,303,vendas
Estatísticas descritivas,mean,nome_mes,Fevereiro,valor_total,320.86,R$
Estatísticas descritivas,std,nome_mes,Fevereiro,valor_total,244.48,R$
Estatísticas descritivas,min,nome_mes,Fevereiro,valor_total,10.68,R$
Estatísticas descritivas,25%,nome_mes,Fevereiro,valor_total,125.69,R$
Estatísticas descritivas,50%,nome_mes,Fevereiro,valor_total,252.76,R$
Estatísticas descritivas,75%,nome_mes,Fevereiro,valor_total,463.06,R$
Estatísticas descritivas,max,nome_mes,Fevereiro,valor_total,1042.65,R$
Estatísticas descritivas,count,nome_mes,Março,valor_total,345,vendas
Estatísticas descritivas,mean,nome_mes,Março,valor_total,317.26,R$
Estatísticas descritivas,std,nome_mes,Março,valor_total,246.11,R$
Estatísticas descritivas,min,nome_mes,Março,valor_total,16.27,R$
Estatísticas descritivas,25%,nome_mes,Março,valor_total,121.13,R$
Estatísticas descritivas,50%,nome_mes,Março,valor_total,237.43,R$
Estatísticas descritivas,75%,nome_mes,Março,valor_total,462.21,R$
Estatísticas descritivas,max,nome_mes,Março,valor_total,1022.49,R$
Perfil do cliente,qtd_vendas,tipo_cliente / genero,Member,Female,356,vendas
Perfil do cliente,faturamento,tipo_cliente / genero,Member,Female,125206.14,R$
Perfil do cliente,qtd_vendas,tipo_cliente / genero,Normal,Female,215,vendas
Perfil do cliente,faturamento,tipo_cliente / genero,Normal,Female,69465.7,R$
Perfil do cliente,qtd_vendas,tipo_cliente / genero,Member,Male,209,vendas
Perfil do cliente,faturamento,tipo_cliente / genero,Member,Male,64488.63,R$
Perfil do cliente,qtd_vendas,tipo_cliente / genero,Normal,Male,220,vendas
Perfil do cliente,faturamento,tipo_cliente / genero,Normal,Male,63806.28,R$
Faturamento,faturamento,filial,Giza,,110568.71,R$
Faturamento,participacao_percentual,filial,Giza,,34.24,%
Faturamento,faturamento,filial,Alex,,106200.37,R$
Faturamento,participacao_percentual,filial,Alex,,32.88,%
Faturamento,faturamento,filial,Cairo,,106197.67,R$
Faturamento,participacao_percentual,filial,Cairo,,32.88,%
Faturamento,faturamento,filial / tipo_cliente,Alex,Member,62895.78,R$
Faturamento,faturamento,filial / tipo_cliente,Alex,Normal,43304.59,R$
Faturamento,faturamento,filial / tipo_cliente,Cairo,Member,59824.17,R$
Faturamento,faturamento,filial / tipo_cliente,Cairo,Normal,46373.5,R$
Faturamento,faturamento,filial / tipo_cliente,Giza,Member,66974.82,R$
Faturamento,faturamento,filial / tipo_cliente,Giza,Normal,43593.89,R$
Faturamento,faturamento,linha_produto,Food and beverages,,56144.84,R$
Faturamento,faturamento,linha_produto,Sports and travel,,55122.83,R$
Faturamento,faturamento,linha_produto,Electronic accessories,,54337.53,R$
Faturamento,faturamento,linha_produto,Fashion accessories,,54305.89,R$
Faturamento,faturamento,linha_produto,Home and lifestyle,,53861.91,R$
Faturamento,faturamento,linha_produto,Health and beauty,,49193.74,R$
Vendas,qtd_vendas,filial,Alex,,340,vendas
Vendas,qtd_vendas,filial,Cairo,,332,vendas
Vendas,qtd_vendas,filial,Giza,,328,vendas
Vendas,maior_venda,id_venda,860-79-0874,,1042.65,R$
Vendas,maior_venda,filial,Giza,,1042.65,R$
Vendas,maior_venda,linha_produto,Fashion accessories,,1042.65,R$
Vendas,maior_venda,data_venda,2019-02-15,,1042.65,R$
Vendas,valor_medio,geral,todas,,322.97,R$
Vendas,qtd_vendas,forma_pagamento,Ewallet,,345,vendas
Vendas,qtd_vendas,forma_pagamento,Cash,,344,vendas
Vendas,qtd_vendas,forma_pagamento,Credit card,,311,vendas
Vendas,qtd_vendas,dia_semana,Sábado,,164,vendas
Vendas,qtd_vendas,dia_semana,Terça-feira,,158,vendas
Vendas,qtd_vendas,dia_semana,Quarta-feira,,143,vendas
Vendas,qtd_vendas,dia_semana,Sexta-feira,,139,vendas
Vendas,qtd_vendas,dia_semana,Quinta-feira,,138,vendas
Vendas,qtd_vendas,dia_semana,Domingo,,133,vendas
Vendas,qtd_vendas,dia_semana,Segunda-feira,,125,vendas
Desempenho,avaliacao_media,linha_produto,Food and beverages,,7.11,nota
Desempenho,avaliacao_media,linha_produto,Fashion accessories,,7.03,nota
Desempenho,avaliacao_media,linha_produto,Health and beauty,,7,nota
Desempenho,avaliacao_media,linha_produto,Electronic accessories,,6.92,nota
Desempenho,avaliacao_media,linha_produto,Sports and travel,,6.92,nota
Desempenho,avaliacao_media,linha_produto,Home and lifestyle,,6.84,nota
Desempenho,avaliacao_media,tipo_cliente,Normal,,7.04,nota
Desempenho,avaliacao_media,tipo_cliente,Member,,6.92,nota
